pair-count,k-factor,v-factor,c_mean,std,hs-plain-unsafeffi_mean,std,hs-plain-safeffi_mean,std,hs-streamly-chunked-unsafeffi_mean,std,hs-streamly-chunked-safeffi_mean,std,hs-streamly-splitupstream-unsafeffi_mean,std,hs-streamly-splitupstream-safeffi_mean,std
300000,20,100,11122.998981,536.8631415277547,12370.105116666668,158.73654494891434,12763.721287999999,248.352907385016,12155.124258,97.01160340757394,12470.170521666667,119.81385659907937,12102.812503,619.8045062583066,12281.386072666666,100.87330005331809
300000,20,200,21387.32241266667,681.5888582411047,24127.603838,722.8144123122378,24392.625671666665,557.3327951893543,23711.079436,638.189393812313,23894.189854,177.19812575706595,23996.131293333332,937.1479527447652,24348.108159666666,616.3304134443642
300000,20,300,27599.623723999997,823.9130454419316,31008.901305999996,628.1006259341569,31428.742901666665,476.24321812447835,30852.028022333332,908.8783410054971,31033.805884666664,1145.8170722807906,30274.02519766667,430.00236503233174,31117.944291666667,1284.9463276345257
300000,40,100,13431.497237,252.5259150279923,15090.130257666668,264.5293028160019,15973.881442333333,825.5012140577802,14911.104291333333,96.95679806261937,15501.993164999998,478.9915938276827,14995.776276333334,799.5182249873103,15314.578972333333,211.26631730984036
300000,40,200,23425.350746,722.1138670072019,26382.218666333334,644.1011365921274,26719.801236333333,665.677931688552,25411.938904333332,302.06377057081176,26311.878836666663,786.5293834111138,25631.744410666666,228.32612475825766,26393.333104,818.6103885672113
300000,40,300,29318.367003333336,621.578564824191,33798.929671000005,894.1541569926098,34016.439593,1251.3670007831263,32593.744472333336,589.6689245247167,33030.040324,931.1490658289654,33221.155455,1109.4870093175832,33216.753982,780.9932643342052
300000,60,100,14943.088891666668,253.140608318259,17010.60681233333,353.4690580995376,17798.706083666668,444.63435513796986,16999.198861999997,802.3170542356793,17006.979567666665,163.16913223445323,16837.389207,601.6794208017513,17249.848126666668,685.8057649205715
300000,60,200,24110.136024,648.7509578685826,26982.675675,373.3665468316526,27578.156594333333,825.8796275395971,26776.098497,285.86243195386623,27485.356313333334,804.3635602736842,26672.845626999995,624.0126278298308,27387.619366666662,846.3210745882511
300000,60,300,32170.880049333333,1312.122621937347,35839.05718633333,519.8870371012988,36292.25412966667,1307.457182917443,35052.75828666666,914.1868095858273,35652.47239633333,842.5248542362847,35626.26233433333,1048.7210813806971,36213.22608666667,1135.9576323088488
